timestamp, description
2024-01-07 22:45:44.456781+00:00, event 1
2024-01-07 22:45:52.407516+00:00, event 2
2024-01-07 22:51:56.716099+00:00, event 3
2024-01-07 22:52:03.417291+00:00, event 4
2024-01-07 22:54:59.208874+00:00, event 5
2024-01-07 22:56:54.490481+00:00, event 6
2024-01-07 22:57:12.916446+00:00, event 7
2024-01-07 23:02:18.861195+00:00, event 8
2024-01-07 23:02:51.355967+00:00, event 9
2024-01-07 23:09:24.071809+00:00, event 10
2024-01-07 23:10:05.076945+00:00, event 11
2024-01-07 23:16:52.120654+00:00, event 12
2024-01-07 23:18:25.788822+00:00, event 13
2024-01-07 23:23:14.878455+00:00, event 14
2024-01-07 23:34:20.647835+00:00, event 15
2024-01-07 23:38:15.415565+00:00, event 16
2024-01-07 23:41:11.373544+00:00, event 17
2024-01-07 23:41:21.743866+00:00, event 18
2024-01-07 23:47:56.856455+00:00, event 19
2024-01-07 23:49:40.295445+00:00, event 20
2024-01-07 23:50:36.918016+00:00, event 21
2024-01-07 23:50:56.296054+00:00, event 22
2024-01-07 23:51:18.293841+00:00, event 23
2024-01-07 23:52:22.190524+00:00, event 24
2024-01-07 23:54:44.041409+00:00, event 25
2024-01-07 23:59:41.835463+00:00, event 26
2024-01-08 00:00:28.346807+00:00, event 27
2024-01-08 00:05:33.526105+00:00, event 28
2024-01-08 00:06:09.134159+00:00, event 29
2024-01-08 00:10:59.687623+00:00, event 30
2024-01-08 00:15:24.188539+00:00, event 31
2024-01-08 00:23:31.824201+00:00, event 32
2024-01-08 00:37:31.713435+00:00, event 33
2024-01-08 00:41:11.881750+00:00, event 34
2024-01-08 00:43:06.205937+00:00, event 35
2024-01-08 00:43:18.678175+00:00, event 36
2024-01-08 00:51:24.650177+00:00, event 37
2024-01-08 00:55:34.860276+00:00, event 38
2024-01-08 00:56:07.739647+00:00, event 39
2024-01-08 00:56:32.297652+00:00, event 40
2024-01-08 00:57:28.932065+00:00, event 41
2024-01-08 00:58:49.752885+00:00, event 42
2024-01-08 01:05:14.735721+00:00, event 43
2024-01-08 01:09:32.973209+00:00, event 44
2024-01-08 01:14:51.730909+00:00, event 45
2024-01-08 01:15:03.210464+00:00, event 46
2024-01-08 01:16:08.172382+00:00, event 47
2024-01-08 01:16:21.795318+00:00, event 48
2024-01-08 01:19:56.657842+00:00, event 49
2024-01-08 01:24:11.621069+00:00, event 50
2024-01-08 01:25:08.892055+00:00, event 51
2024-01-08 01:27:45.601193+00:00, event 52
2024-01-08 01:29:08.781412+00:00, event 53
2024-01-08 01:30:01.340561+00:00, event 54
2024-01-08 01:33:04.952935+00:00, event 55
2024-01-08 01:35:48.423194+00:00, event 56
2024-01-08 01:36:35.049292+00:00, event 57
2024-01-08 01:37:23.297373+00:00, event 58
2024-01-08 01:39:03.801840+00:00, event 59
2024-01-08 01:40:38.028448+00:00, event 60
2024-01-08 01:43:11.196906+00:00, event 61
2024-01-08 01:44:14.346488+00:00, event 62
2024-01-08 01:46:00.450576+00:00, event 63
2024-01-08 01:51:35.042355+00:00, event 64
2024-01-08 01:56:26.893146+00:00, event 65
2024-01-08 01:56:35.267027+00:00, event 66
2024-01-08 02:04:57.895338+00:00, event 67
2024-01-08 02:14:50.050491+00:00, event 68
2024-01-08 02:16:21.158964+00:00, event 69
2024-01-08 02:16:27.877510+00:00, event 70
2024-01-08 02:25:41.237125+00:00, event 71
2024-01-08 02:31:52.276414+00:00, event 72
2024-01-08 02:41:49.940503+00:00, event 73
2024-01-08 02:44:46.058186+00:00, event 74
2024-01-08 02:46:43.376520+00:00, event 75
2024-01-08 02:46:50.890847+00:00, event 76
2024-01-08 02:47:59.609065+00:00, event 77
2024-01-08 03:01:20.531935+00:00, event 78
2024-01-08 03:06:25.728226+00:00, event 79
2024-01-08 03:06:29.671103+00:00, event 80
2024-01-08 03:10:09.379928+00:00, event 81
2024-01-08 03:10:11.622487+00:00, event 82
2024-01-08 03:11:16.444153+00:00, event 83
2024-01-08 03:12:25.228130+00:00, event 84
2024-01-08 03:16:29.344427+00:00, event 85
2024-01-08 03:19:39.722558+00:00, event 86
2024-01-08 03:24:48.974159+00:00, event 87
2024-01-08 03:31:57.608808+00:00, event 88
2024-01-08 03:35:27.714856+00:00, event 89
2024-01-08 03:39:52.451055+00:00, event 90
2024-01-08 03:39:53.569320+00:00, event 91
2024-01-08 03:48:45.906122+00:00, event 92
2024-01-08 03:53:07.311847+00:00, event 93
2024-01-08 03:57:16.414234+00:00, event 94
2024-01-08 03:57:20.134186+00:00, event 95
2024-01-08 03:58:12.081865+00:00, event 96
2024-01-08 03:58:58.742907+00:00, event 97
2024-01-08 04:01:39.354416+00:00, event 98
2024-01-08 04:11:15.779833+00:00, event 99
2024-01-08 04:11:22.480956+00:00, event 100
